Group,Date,Time,Experiment,SP,SP_sd,d18O,d18O_sd,d15N,d15N_sd,N2OFlux_gN_ha_day,r_N2O_SP-O-map-RM,f_bD_SP-O-map-RM,r_N2O_SP-O-map-MR,f_bD_SP-O-map-MR,WFPS,NO3_mgN_kg-1_drysoil,NH4_mgN_kg-1_drysoil,group,FRAME_r_N2O_mean,FRAME_r_N2O_sd,FRAME_bD_N2O_mean,FRAME_bD_N2O_sd,FRAME_nD_N2O_mean,FRAME_nD_N2O_sd,FRAME_fD_N2O_mean,FRAME_fD_N2O_sd,FRAME_Ni_N2O_mean,FRAME_Ni_N2O_sd,r_N2O_SP-O-map-RM_mean,f_bD_SP-O-map-RM_mean,r_N2O_SP-O-map-MR_mean,f_bD_SP-O-map-MR_mean,r_N2O_SP-O-map-RM_sd,f_bD_SP-O-map-RM_sd,r_N2O_SP-O-map-MR_sd,f_bD_SP-O-map-MR_sd,r_N2O_15Ngasflux_mean,r_N2O_15Ngasflux_sd,f_N2O-NO3_15Ngasflux_mean,f_N2O-NO3_15Ngasflux_sd
L2-N5/1,22.02.18,12:00,L2_wetter,7.4,1,35.8,0.5,-15.3,0.5,6.5454699,0.238236494,0.994911225,0.241716906,0.978639818,71.5,19.91,0.31,1,0.257856546,0.025044629,0.693434627,0.040324813,0.230601939,0.027199582,0.045072988,0.033624274,0.030890446,0.023374485,0.244275515,0.992987593,0.244215995,0.984872521,0.031985944,0.011663498,0.025475694,0.072616354,0.72,0.15,0.99,0.03
L2-N6/1,22.02.18,12:00,L2_wetter,6.1,1,33.2,0.5,-19.0,0.5,9.7356989,0.277034126,0.997619467,0.278377385,0.991407076,71.5,19.91,0.31,1,0.257856546,0.025044629,0.693434627,0.040324813,0.230601939,0.027199582,0.045072988,0.033624274,0.030890446,0.023374485,0.244275515,0.992987593,0.244215995,0.984872521,0.031985944,0.011663498,0.025475694,0.072616354,0.72,0.15,0.99,0.03
L2-N7/1,22.02.18,12:00,L2_wetter,7.4,1,38.1,0.5,-10.9,0.5,7.0955093,0.200794434,1,0.196656866,1.012968919,71.5,19.91,0.31,1,0.257856546,0.025044629,0.693434627,0.040324813,0.230601939,0.027199582,0.045072988,0.033624274,0.030890446,0.023374485,0.244275515,0.992987593,0.244215995,0.984872521,0.031985944,0.011663498,0.025475694,0.072616354,0.72,0.15,0.99,0.03
L2-N8/1,22.02.18,12:00,L2_wetter,4.4,1,33.2,0.5,-13.8,0.5,4.5103238,0.267302543,1,0.246986974,1.059911389,71.5,19.91,0.31,1,0.257856546,0.025044629,0.693434627,0.040324813,0.230601939,0.027199582,0.045072988,0.033624274,0.030890446,0.023374485,0.244275515,0.992987593,0.244215995,0.984872521,0.031985944,0.011663498,0.025475694,0.072616354,0.72,0.15,0.99,0.03
L2-Ne5/1,22.02.18,12:00,L2_wetter,12.5,1,40.2,0.5,-9.7,0.5,4.5744950,0.202946094,0.967726769,0.232407472,0.840976339,71.5,19.91,0.31,1,0.257856546,0.025044629,0.693434627,0.040324813,0.230601939,0.027199582,0.045072988,0.033624274,0.030890446,0.023374485,0.244275515,0.992987593,0.244215995,0.984872521,0.031985944,0.011663498,0.025475694,0.072616354,0.72,0.15,0.99,0.03
L2-Ne6/1,22.02.18,12:00,L2_wetter,4.6,1,32.9,0.5,-16.8,0.5,9.5615197,0.273751071,1,0.257378931,1.047601724,71.5,19.91,0.31,1,0.257856546,0.025044629,0.693434627,0.040324813,0.230601939,0.027199582,0.045072988,0.033624274,0.030890446,0.023374485,0.244275515,0.992987593,0.244215995,0.984872521,0.031985944,0.011663498,0.025475694,0.072616354,0.72,0.15,0.99,0.03
L2-Ne7/1,22.02.18,12:00,L2_wetter,7.6,1,35.3,0.5,-18.0,0.5,13.8151584,0.249863845,0.990655688,0.255987427,0.962602385,71.5,19.91,0.31,1,0.257856546,0.025044629,0.693434627,0.040324813,0.230601939,0.027199582,0.045072988,0.033624274,0.030890446,0.023374485,0.244275515,0.992987593,0.244215995,0.984872521,0.031985944,0.011663498,0.025475694,0.072616354,0.72,0.15,0.99,0.03
L2-N5/2,23.02.18,15:00,L2_wetter,7.4,1,39.0,0.5,-5.9,0.5,16.4828499,0.18988979,1,0.18141353,1.027487157,-999999.0,-999999.0,-999999.0,2,0.198408854,0.01966272,0.635776139,0.035308682,0.308766549,0.024460955,0.032726044,0.026825443,0.022731268,0.018628499,0.187467892,0.999464584,0.173921748,1.028747323,0.030802884,0.001311497,0.037091901,0.038885411,0.33,0.17,0.98,0.03
L2-N6/2,23.02.18,15:00,L2_wetter,6.1,1,39.4,0.5,-9.8,0.5,12.5867368,0.184233146,1,0.159222172,1.086252986,-999999.0,-999999.0,-999999.0,2,0.198408854,0.01966272,0.635776139,0.035308682,0.308766549,0.024460955,0.032726044,0.026825443,0.022731268,0.018628499,0.187467892,0.999464584,0.173921748,1.028747323,0.030802884,0.001311497,0.037091901,0.038885411,0.33,0.17,0.98,0.03
L2-N7/2,23.02.18,15:00,L2_wetter,6.4,1,41.6,0.5,-7.8,0.5,6.4262946,0.162833828,1,0.134911174,1,-999999.0,-999999.0,-999999.0,2,0.198408854,0.01966272,0.635776139,0.035308682,0.308766549,0.024460955,0.032726044,0.026825443,0.022731268,0.018628499,0.187467892,0.999464584,0.173921748,1.028747323,0.030802884,0.001311497,0.037091901,0.038885411,0.33,0.17,0.98,0.03
L2-N8/2,23.02.18,15:00,L2_wetter,6.0,1,34.7,0.5,-8.0,0.5,2.6218549,0.246888638,1,0.24128937,1.01639989,-999999.0,-999999.0,-999999.0,2,0.198408854,0.01966272,0.635776139,0.035308682,0.308766549,0.024460955,0.032726044,0.026825443,0.022731268,0.018628499,0.187467892,0.999464584,0.173921748,1.028747323,0.030802884,0.001311497,0.037091901,0.038885411,0.33,0.17,0.98,0.03
L2-Ne6/2,23.02.18,15:00,L2_wetter,7.3,1,41.0,0.5,-8.3,0.5,7.3613618,0.16793281,1,0.150639358,1.060910136,-999999.0,-999999.0,-999999.0,2,0.198408854,0.01966272,0.635776139,0.035308682,0.308766549,0.024460955,0.032726044,0.026825443,0.022731268,0.018628499,0.187467892,0.999464584,0.173921748,1.028747323,0.030802884,0.001311497,0.037091901,0.038885411,0.33,0.17,0.98,0.03
L2-Ne7/2,23.02.18,15:00,L2_wetter,9.2,1,40.7,0.5,-12.1,0.5,7.4897043,0.173029138,0.996787501,0.176054884,0.98143377,-999999.0,-999999.0,-999999.0,2,0.198408854,0.01966272,0.635776139,0.035308682,0.308766549,0.024460955,0.032726044,0.026825443,0.022731268,0.018628499,0.187467892,0.999464584,0.173921748,1.028747323,0.030802884,0.001311497,0.037091901,0.038885411,0.33,0.17,0.98,0.03
L2-N5/3,24.02.18,16:00,L2_wetter,6.4,1,40.6,0.5,-7.5,0.5,6.3346214,0.171539252,1,0.146385446,1.08994557,-999999.0,-999999.0,-999999.0,3,0.17459908,0.016611215,0.618792828,0.033230649,0.332477408,0.024653393,0.028168745,0.023126933,0.020561019,0.016723926,0.168182844,0.999477183,0.149161852,1.024920987,0.027727392,0.001280635,0.037680049,0.040206033,0.30,0.10,0.94,0.07
L2-N6/3,24.02.18,16:00,L2_wetter,5.7,1,41.7,0.5,-4.1,0.5,11.4316539,0.161535559,1,0.126376083,1,-999999.0,-999999.0,-999999.0,3,0.17459908,0.016611215,0.618792828,0.033230649,0.332477408,0.024653393,0.028168745,0.023126933,0.020561019,0.016723926,0.168182844,0.999477183,0.149161852,1.024920987,0.027727392,0.001280635,0.037680049,0.040206033,0.30,0.10,0.94,0.07
L2-N7/3,24.02.18,16:00,L2_wetter,6.3,1,43.9,0.5,-4.9,0.5,5.0695306,0.143195698,1,0.108311901,1,-999999.0,-999999.0,-999999.0,3,0.17459908,0.016611215,0.618792828,0.033230649,0.332477408,0.024653393,0.028168745,0.023126933,0.020561019,0.016723926,0.168182844,0.999477183,0.149161852,1.024920987,0.027727392,0.001280635,0.037680049,0.040206033,0.30,0.10,0.94,0.07
L2-N8/3,24.02.18,16:00,L2_wetter,6.6,1,36.8,0.5,-4.1,0.5,1.7142897,0.216635041,1,0.208646646,1.024564207,-999999.0,-999999.0,-999999.0,3,0.17459908,0.016611215,0.618792828,0.033230649,0.332477408,0.024653393,0.028168745,0.023126933,0.020561019,0.016723926,0.168182844,0.999477183,0.149161852,1.024920987,0.027727392,0.001280635,0.037680049,0.040206033,0.30,0.10,0.94,0.07
L2-Ne6/3,24.02.18,16:00,L2_wetter,8.6,1,44.0,0.5,-6.0,0.5,4.3728139,0.14058693,1,0.126732683,1.052879586,-999999.0,-999999.0,-999999.0,3,0.17459908,0.016611215,0.618792828,0.033230649,0.332477408,0.024653393,0.028168745,0.023126933,0.020561019,0.016723926,0.168182844,0.999477183,0.149161852,1.024920987,0.027727392,0.001280635,0.037680049,0.040206033,0.30,0.10,0.94,0.07
L2-Ne7/3,24.02.18,16:00,L2_wetter,9.1,1,40.5,0.5,-11.1,0.5,5.4637255,0.175604586,0.996863098,0.17851835,0.98213656,-999999.0,-999999.0,-999999.0,3,0.17459908,0.016611215,0.618792828,0.033230649,0.332477408,0.024653393,0.028168745,0.023126933,0.020561019,0.016723926,0.168182844,0.999477183,0.149161852,1.024920987,0.027727392,0.001280635,0.037680049,0.040206033,0.30,0.10,0.94,0.07
L2-N5/4,26.02.18,10:30,L2_wetter,11.3,1,44.0,0.5,-4.9,0.5,2.9335439,0.143551984,0.992172119,0.15246846,0.945470059,69.1,21.22,0.50,4,0.182995684,0.022432616,0.619211685,0.046624589,0.301436908,0.034603654,0.0446087,0.034669737,0.034742707,0.026965626,0.169767735,0.997806436,0.164333845,0.985385736,0.032129326,0.003782612,0.03399216,0.026857172,0.16,0.07,0.86,0.09
L2-N6/4,26.02.18,10:30,L2_wetter,7.3,1,37.0,0.5,-8.3,0.5,1.8059630,0.215147981,1,0.214376566,1.002337856,69.1,-999999.0,-999999.0,4,0.182995684,0.022432616,0.619211685,0.046624589,0.301436908,0.034603654,0.0446087,0.034669737,0.034742707,0.026965626,0.169767735,0.997806436,0.164333845,0.985385736,0.032129326,0.003782612,0.03399216,0.026857172,0.16,0.07,0.86,0.09
L2-Ne6/4,26.02.18,10:30,L2_wetter,9.6,1,42.7,0.5,-7.9,0.5,2.4568430,0.151058343,0.999053624,0.152049037,0.993735029,69.1,-999999.0,-999999.0,4,0.182995684,0.022432616,0.619211685,0.046624589,0.301436908,0.034603654,0.0446087,0.034669737,0.034742707,0.026965626,0.169767735,0.997806436,0.164333845,0.985385736,0.032129326,0.003782612,0.03399216,0.026857172,0.16,0.07,0.86,0.09
L2-Ne7/4,26.02.18,10:30,L2_wetter,5.9,1,40.9,0.5,-9.7,0.5,2.3926718,0.169312631,1,0.138441318,1,69.1,-999999.0,-999999.0,4,0.182995684,0.022432616,0.619211685,0.046624589,0.301436908,0.034603654,0.0446087,0.034669737,0.034742707,0.026965626,0.169767735,0.997806436,0.164333845,0.985385736,0.032129326,0.003782612,0.03399216,0.026857172,0.16,0.07,0.86,0.09
L2-N5/5,27.02.18,10:30,L2_wetter,11.3,1,47.7,0.5,-3.7,0.5,2.2459946,0.110171392,1,0.109423545,1.003087966,-999999.0,-999999.0,-999999.0,5,0.173935896,0.025149764,0.606372434,0.057530354,0.298816745,0.039069683,0.057161433,0.044515677,0.037649389,0.029434589,0.158681146,0.997345992,0.154703377,1.008737352,0.044777177,0.004596877,0.048067114,0.051917959,0.12,0.05,0.81,0.09
L2-N7/5,27.02.18,10:30,L2_wetter,9.0,1,38.9,0.5,-8.6,0.5,2.4843450,0.198431132,0.992037976,0.205141676,0.959875125,-999999.0,-999999.0,-999999.0,5,0.173935896,0.025149764,0.606372434,0.057530354,0.298816745,0.039069683,0.057161433,0.044515677,0.037649389,0.029434589,0.158681146,0.997345992,0.154703377,1.008737352,0.044777177,0.004596877,0.048067114,0.051917959,0.12,0.05,0.81,0.09
L2-Ne7/5,27.02.18,10:30,L2_wetter,7.3,1,41.0,0.5,-9.0,0.5,1.8334649,0.167440915,1,0.14954491,1.063248966,-999999.0,-999999.0,-999999.0,5,0.173935896,0.025149764,0.606372434,0.057530354,0.298816745,0.039069683,0.057161433,0.044515677,0.037649389,0.029434589,0.158681146,0.997345992,0.154703377,1.008737352,0.044777177,0.004596877,0.048067114,0.051917959,0.12,0.05,0.81,0.09
L2-N5/6,28.02.18,13:30,L2_wetter,5.8,1,30.3,0.5,-26.9,0.5,7.2513539,0.34830996,0.985033509,0.354536003,0.957031113,-999999.0,-999999.0,-999999.0,6,0.441856838,0.052725639,0.826033902,0.050132401,0.068564984,0.031808119,0.063735522,0.041878813,0.041665591,0.028212777,0.43689926,0.964391541,0.444616279,0.92702506,0.126004299,0.027144915,0.128204361,0.040588686,0.918327439,0.028775762,1,0.004165383
L2-N6/6,28.02.18,13:30,L2_wetter,5.8,1,25.0,0.5,-38.3,0.5,8.3147635,0.555578553,0.93261448,0.566219758,0.878711085,-999999.0,-999999.0,-999999.0,6,0.441856838,0.052725639,0.826033902,0.050132401,0.068564984,0.031808119,0.063735522,0.041878813,0.041665591,0.028212777,0.43689926,0.964391541,0.444616279,0.92702506,0.126004299,0.027144915,0.128204361,0.040588686,0.918327439,0.028775762,1,0.004165383
L2-N7/6,28.02.18,13:30,L2_wetter,6.3,1,32.0,0.5,-20.0,0.5,2.2184926,0.30950279,0.988835948,0.315033863,0.963929074,-999999.0,-999999.0,-999999.0,6,0.441856838,0.052725639,0.826033902,0.050132401,0.068564984,0.031808119,0.063735522,0.041878813,0.041665591,0.028212777,0.43689926,0.964391541,0.444616279,0.92702506,0.126004299,0.027144915,0.128204361,0.040588686,0.918327439,0.028775762,1,0.004165383
L2-N8/6,28.02.18,13:30,L2_wetter,5.0,1,24.9,0.5,-27.3,0.5,5.1428692,0.534205738,0.951082229,0.542675494,0.908428968,-999999.0,-999999.0,-999999.0,6,0.441856838,0.052725639,0.826033902,0.050132401,0.068564984,0.031808119,0.063735522,0.041878813,0.041665591,0.028212777,0.43689926,0.964391541,0.444616279,0.92702506,0.126004299,0.027144915,0.128204361,0.040588686,0.918327439,0.028775762,1,0.004165383
L2-N5/7,01.03.18,10:30,L2_wetter,6.2,1,26.0,0.5,-38.1,0.5,17.9037852,0.518821642,0.937855401,0.530771788,0.880219725,81.8,19.72,0.78,7,0.677657723,0.137242383,0.775596959,0.089091566,0.027693677,0.022158081,0.172291502,0.087675237,0.024417862,0.021496938,0.518821642,0.937855401,0.530771788,0.880219725,-999999.0,-999999.0,-999999.0,-999999.0,0.934866208,0.061957339,1,0.00202139
L2-N6/8,02.03.18,11:30,L2_wetter,8.9,1,30.7,0.5,-35.6,0.5,17.7846100,0.40262447,0.935216514,0.425550836,0.839096997,-999999.0,-999999.0,-999999.0,8,0.531153114,0.131886989,0.750116265,0.104776302,0.030418364,0.023071971,0.192908082,0.099084233,0.026557289,0.021579006,0.40262447,0.935216514,0.425550836,0.839096997,-999999.0,-999999.0,-999999.0,-999999.0,0.754204387,0.019639951,1,0.002217122
L2-N5/9,03.03.18,14:00,L2_wetter,11.8,1,33.7,0.5,-34.5,0.5,17.3170764,0.359914587,0.917572718,0.397698999,0.770980991,-999999.0,-999999.0,-999999.0,9,0.456507171,0.073643148,0.72151285,0.066652946,0.01718472,0.013686066,0.244617433,0.065701186,0.016684997,0.013652757,0.358391676,0.919192177,0.395532712,0.774599995,0.02107818,0.005487237,0.02000522,0.0035567,-999999.0,-999999.0,-999999.0,-999999.0
L2-N6/9,03.03.18,14:00,L2_wetter,11.9,1,34.4,0.5,-32.6,0.5,13.4576327,0.336593343,0.925306884,0.37453251,0.77809093,-999999.0,-999999.0,-999999.0,9,0.456507171,0.073643148,0.72151285,0.066652946,0.01718472,0.013686066,0.244617433,0.065701186,0.016684997,0.013652757,0.358391676,0.919192177,0.395532712,0.774599995,0.02107818,0.005487237,0.02000522,0.0035567,-999999.0,-999999.0,-999999.0,-999999.0
L2-N8/9,03.03.18,14:00,L2_wetter,11.4,1,32.9,0.5,-34.6,0.5,18.0962990,0.378667098,0.91469693,0.414366628,0.774728064,-999999.0,-999999.0,-999999.0,9,0.456507171,0.073643148,0.72151285,0.066652946,0.01718472,0.013686066,0.244617433,0.065701186,0.016684997,0.013652757,0.358391676,0.919192177,0.395532712,0.774599995,0.02107818,0.005487237,0.02000522,0.0035567,-999999.0,-999999.0,-999999.0,-999999.0
L2-N5/10,04.03.18,16:00,L2_wetter,14.3,1,35.2,0.5,-33.3,0.5,17.3995823,0.356877225,0.891159146,0.411110759,0.695018774,-999999.0,-999999.0,-999999.0,10,0.434782017,0.068787609,0.681277352,0.066987096,0.020002472,0.015696161,0.278938233,0.063948159,0.019781944,0.016263906,0.3373772,0.909962646,0.384456159,0.734298031,0.034010861,0.017917535,0.035966178,0.034022853,0.417198312,0.04351604,1,0.001886029
L2-N6/10,04.03.18,16:00,L2_wetter,13.2,1,36.4,0.5,-30.3,0.5,11.4408213,0.298105155,0.926838308,0.343547794,0.75457757,-999999.0,-999999.0,-999999.0,10,0.434782017,0.068787609,0.681277352,0.066987096,0.020002472,0.015696161,0.278938233,0.063948159,0.019781944,0.016263906,0.3373772,0.909962646,0.384456159,0.734298031,0.034010861,0.017917535,0.035966178,0.034022853,0.417198312,0.04351604,1,0.001886029
L2-N8/10,04.03.18,16:00,L2_wetter,12.4,1,34.1,0.5,-33.9,0.5,16.3361727,0.357149221,0.911890483,0.398709925,0.75329775,-999999.0,-999999.0,-999999.0,10,0.434782017,0.068787609,0.681277352,0.066987096,0.020002472,0.015696161,0.278938233,0.063948159,0.019781944,0.016263906,0.3373772,0.909962646,0.384456159,0.734298031,0.034010861,0.017917535,0.035966178,0.034022853,0.417198312,0.04351604,1,0.001886029
L2-N5/11,05.03.18,07:00,L2_wetter,15.3,1,36.0,0.5,-33.0,0.5,16.9870527,0.353736792,0.880549844,0.416066027,0.662319106,81.7,22.48,0.58,11,0.440387703,0.070732505,0.635395211,0.067825388,0.02175187,0.017049615,0.323324123,0.065100571,0.019528796,0.016759591,0.341910805,0.890997541,0.400381661,0.682463574,0.037004705,0.017849759,0.037815891,0.021909536,-999999.0,-999999.0,-999999.0,-999999.0
L2-N6/11,05.03.18,07:00,L2_wetter,14.7,1,37.2,0.5,-29.7,0.5,10.1573958,0.300438598,0.91160801,0.357247239,0.705790168,81.7,-999999.0,-999999.0,11,0.440387703,0.070732505,0.635395211,0.067825388,0.02175187,0.017049615,0.323324123,0.065100571,0.019528796,0.016759591,0.341910805,0.890997541,0.400381661,0.682463574,0.037004705,0.017849759,0.037815891,0.021909536,-999999.0,-999999.0,-999999.0,-999999.0
L2-N8/11,05.03.18,07:00,L2_wetter,14.6,1,35.0,0.5,-33.4,0.5,15.7311292,0.371557026,0.880834768,0.427831716,0.679281447,81.7,-999999.0,-999999.0,11,0.440387703,0.070732505,0.635395211,0.067825388,0.02175187,0.017049615,0.323324123,0.065100571,0.019528796,0.016759591,0.341910805,0.890997541,0.400381661,0.682463574,0.037004705,0.017849759,0.037815891,0.021909536,-999999.0,-999999.0,-999999.0,-999999.0
L2-N1/1,22.02.18,12:00,L1_dryer,-3.2,1,43.5,0.5,8.7,0.5,-999999.0,0.144271828,1,0.133401614,1.040461112,60.7,21.06,0.33,21,0.049361598,0.008865455,0.623388852,0.048154061,0.291646275,0.034526409,0.048152496,0.037381235,0.036812378,0.023374485,0.150520664,0.98835682,0.147337247,0.943420611,0.033257636,0.015285899,0.064611091,0.093254305,0.07,0.08,0.71,0.03
L2-N2/1,22.02.18,12:00,L1_dryer,-12.2,1,40.6,0.5,12.7,0.5,-999999.0,0.198368035,0.967805174,0.228543155,0.837701542,60.7,-999999.0,-999999.0,21,0.049361598,0.008865455,0.623388852,0.048154061,0.291646275,0.034526409,0.048152496,0.037381235,0.036812378,0.023374485,0.150520664,0.98835682,0.147337247,0.943420611,0.033257636,0.015285899,0.064611091,0.093254305,0.07,0.08,0.71,0.03
L2-N3/1,22.02.18,12:00,L1_dryer,-2.4,1,47.5,0.5,5.0,0.5,-999999.0,0.121829211,1,0.072033579,1,60.7,-999999.0,-999999.0,21,0.049361598,0.008865455,0.623388852,0.048154061,0.291646275,0.034526409,0.048152496,0.037381235,0.036812378,0.023374485,0.150520664,0.98835682,0.147337247,0.943420611,0.033257636,0.015285899,0.064611091,0.093254305,0.07,0.08,0.71,0.03
L2-Ne2/1,22.02.18,12:00,L1_dryer,-9.6,1,45.1,0.5,13.0,0.5,-999999.0,0.13761358,0.985622104,0.15537064,0.895519791,60.7,-999999.0,-999999.0,21,0.049361598,0.008865455,0.623388852,0.048154061,0.291646275,0.034526409,0.048152496,0.037381235,0.036812378,0.023374485,0.150520664,0.98835682,0.147337247,0.943420611,0.033257636,0.015285899,0.064611091,0.093254305,0.07,0.08,0.71,0.03
L2-N1/2,23.02.18,15:00,L1_dryer,-0.1,1,42.0,0.5,8.3,0.5,-999999.0,0.157904188,1,0.147546842,1.036755856,-999999.0,-999999.0,-999999.0,22,0.041538154,0.009033548,0.559583757,0.051633455,0.344536894,0.034845083,0.056364754,0.042625048,0.039514596,0.018628499,0.162988333,0.98463313,0.16360719,0.911990476,0.014184314,0.01797628,0.039210782,0.123933508,0.11,0.11,0.75,-999999.0
L2-N2/2,23.02.18,15:00,L1_dryer,-6.9,1,43.2,0.5,14.7,0.5,-999999.0,0.16922504,0.965739424,0.208154751,0.797544288,-999999.0,-999999.0,-999999.0,22,0.041538154,0.009033548,0.559583757,0.051633455,0.344536894,0.034845083,0.056364754,0.042625048,0.039514596,0.018628499,0.162988333,0.98463313,0.16360719,0.911990476,0.014184314,0.01797628,0.039210782,0.123933508,0.11,0.11,0.75,-999999.0
L2-N3/2,23.02.18,15:00,L1_dryer,-1.8,1,39.8,0.5,2.4,0.5,-999999.0,0.178815939,1,0.118024506,1,-999999.0,-999999.0,-999999.0,22,0.041538154,0.009033548,0.559583757,0.051633455,0.344536894,0.034845083,0.056364754,0.042625048,0.039514596,0.018628499,0.162988333,0.98463313,0.16360719,0.911990476,0.014184314,0.01797628,0.039210782,0.123933508,0.11,0.11,0.75,-999999.0
L2-Ne2/2,23.02.18,15:00,L1_dryer,-6.7,1,45.0,0.5,15.0,0.5,-999999.0,0.146008166,0.972793095,0.18070266,0.813661758,-999999.0,-999999.0,-999999.0,22,0.041538154,0.009033548,0.559583757,0.051633455,0.344536894,0.034845083,0.056364754,0.042625048,0.039514596,0.018628499,0.162988333,0.98463313,0.16360719,0.911990476,0.014184314,0.01797628,0.039210782,0.123933508,0.11,0.11,0.75,-999999.0
L2-N1/3,24.02.18,16:00,L1_dryer,-1.3,1,40.8,0.5,2.4,0.5,-999999.0,0.170361678,1,0.108954869,1,-999999.0,-999999.0,-999999.0,23,0.057559736,0.010850771,0.544178269,0.039833546,0.396928456,0.030273219,0.034022894,0.026964068,0.024870381,0.016723926,0.209945858,0.994201513,0.185733678,0.978443859,0.076864581,0.011596974,0.072234223,0.077786368,0.09,0.09,0.64,-999999.0
L2-N2/3,24.02.18,16:00,L1_dryer,-2.6,1,40.8,0.5,7.5,0.5,-999999.0,0.17030201,1,0.156665752,1.047147034,-999999.0,-999999.0,-999999.0,23,0.057559736,0.010850771,0.544178269,0.039833546,0.396928456,0.030273219,0.034022894,0.026964068,0.024870381,0.016723926,0.209945858,0.994201513,0.185733678,0.978443859,0.076864581,0.011596974,0.072234223,0.077786368,0.09,0.09,0.64,-999999.0
L2-N3/3,24.02.18,16:00,L1_dryer,-6.0,1,29.1,0.5,0.9,0.5,-999999.0,0.325215042,1,0.279348897,1,-999999.0,-999999.0,-999999.0,23,0.057559736,0.010850771,0.544178269,0.039833546,0.396928456,0.030273219,0.034022894,0.026964068,0.024870381,0.016723926,0.209945858,0.994201513,0.185733678,0.978443859,0.076864581,0.011596974,0.072234223,0.077786368,0.09,0.09,0.64,-999999.0
L2-Ne2/3,24.02.18,16:00,L1_dryer,-2.3,1,42.1,0.5,12.6,0.5,-999999.0,0.173904702,0.976806052,0.197965193,0.866628402,-999999.0,-999999.0,-999999.0,23,0.057559736,0.010850771,0.544178269,0.039833546,0.396928456,0.030273219,0.034022894,0.026964068,0.024870381,0.016723926,0.209945858,0.994201513,0.185733678,0.978443859,0.076864581,0.011596974,0.072234223,0.077786368,0.09,0.09,0.64,-999999.0
L2-N1/4,26.02.18,10:30,L1_dryer,-6.5,1,43.3,0.5,8.9,0.5,-999999.0,0.145479192,1,0.136694373,1.032310405,55.5,21.23,0.33,24,0.05506216,0.019607395,0.573931694,0.082785443,0.28758931,0.061896,0.07709654,0.060277173,0.061382457,0.026965626,0.145479192,1,0.136694373,1.032310405,-999999.0,-999999.0,-999999.0,-999999.0,0.09,-999999.0,-999999.0,-999999.0
L2-N1/5,27.02.18,10:30,L1_dryer,-14.1,1,34.6,0.5,3.7,0.5,-999999.0,0.24189194,1,0.207381727,1,-999999.0,-999999.0,-999999.0,25,0.173865653,0.043101803,0.637065591,0.082020804,0.247286667,0.061280587,0.068281895,0.055545767,0.047365846,0.029434589,0.24189194,1,0.207381727,1,-999999.0,-999999.0,-999999.0,-999999.0,0.30,0.02,-999999.0,-999999.0
L2-N2/6,28.02.18,13:30,L1_dryer,-11.6,1,35.3,0.5,1.4,0.5,-999999.0,0.22714862,1,0.166735445,1,-999999.0,-999999.0,-999999.0,26,0.070137279,0.013832974,0.596006512,0.052099184,0.321128864,0.038759315,0.047363123,0.036809671,0.035501502,0.028212777,0.197468304,0.995017053,0.182500414,0.959776452,0.083503143,0.008630717,0.064788051,0.091441605,0.03,-999999.0,0.71,-999999.0
L2-N4/6,28.02.18,13:30,L1_dryer,-8.3,1,33.7,0.5,5.5,0.5,-999999.0,0.262076771,1,0.253716072,1.024211214,-999999.0,-999999.0,-999999.0,26,0.070137279,0.013832974,0.596006512,0.052099184,0.321128864,0.038759315,0.047363123,0.036809671,0.035501502,0.028212777,0.197468304,0.995017053,0.182500414,0.959776452,0.083503143,0.008630717,0.064788051,0.091441605,0.03,-999999.0,0.71,-999999.0
L2-Ne3/6,28.02.18,13:30,L1_dryer,-1.1,1,49.4,0.5,15.6,0.5,-999999.0,0.103179522,0.985051159,0.127049725,0.855118141,-999999.0,-999999.0,-999999.0,26,0.070137279,0.013832974,0.596006512,0.052099184,0.321128864,0.038759315,0.047363123,0.036809671,0.035501502,0.028212777,0.197468304,0.995017053,0.182500414,0.959776452,0.083503143,0.008630717,0.064788051,0.091441605,0.03,-999999.0,0.71,-999999.0
L2-N1/7,01.03.18,10:30,L1_dryer,-4.3,1,31.6,0.5,2.4,0.5,-999999.0,0.286114702,1,0.248143059,1,66.0,21.72,0.29,27,0.031842553,0.009616045,0.475657625,0.061989401,0.391720094,0.043898081,0.071349965,0.053359819,0.061272316,0.021496938,0.216059035,0.963820035,0.240399055,0.790101467,0.111514989,0.048618688,0.11264244,0.256812513,0.05,-999999.0,0.70,-999999.0
L2-N2/7,01.03.18,10:30,L1_dryer,-1.9,1,40.5,0.5,2.6,0.5,-999999.0,0.172550293,1,0.112647868,1,66.0,-999999.0,-999999.0,27,0.031842553,0.009616045,0.475657625,0.061989401,0.391720094,0.043898081,0.071349965,0.053359819,0.061272316,0.021496938,0.216059035,0.963820035,0.240399055,0.790101467,0.111514989,0.048618688,0.11264244,0.256812513,0.05,-999999.0,0.70,-999999.0
L2-N4/7,01.03.18,10:30,L1_dryer,6.4,1,36.6,0.5,15.0,0.5,-999999.0,0.325573198,0.897182141,0.385501885,0.68419434,66.0,-999999.0,-999999.0,27,0.031842553,0.009616045,0.475657625,0.061989401,0.391720094,0.043898081,0.071349965,0.053359819,0.061272316,0.021496938,0.216059035,0.963820035,0.240399055,0.790101467,0.111514989,0.048618688,0.11264244,0.256812513,0.05,-999999.0,0.70,-999999.0
L2-Ne3/7,01.03.18,10:30,L1_dryer,-2.0,1,51.6,0.5,25.9,0.5,-999999.0,0.079997948,0.958097997,0.215303409,0.476211529,66.0,-999999.0,-999999.0,27,0.031842553,0.009616045,0.475657625,0.061989401,0.391720094,0.043898081,0.071349965,0.053359819,0.061272316,0.021496938,0.216059035,0.963820035,0.240399055,0.790101467,0.111514989,0.048618688,0.11264244,0.256812513,0.05,-999999.0,0.70,-999999.0
L2-N1/8,02.03.18,11:30,L1_dryer,3.5,1,38.3,0.5,9.6,0.5,-999999.0,0.213664072,0.984586174,0.226033418,0.927859534,63.3,21.76,0.41,28,0.003783425,0.002454849,0.294553392,0.050422768,0.564859968,0.047245366,0.051480292,0.040521153,0.089106348,0.021579006,0.183224362,0.986823517,0.191557321,0.937892395,0.043060757,0.012212498,0.030794396,0.123241868,0.21,-999999.0,-999999.0,-999999.0
L2-N2/8,02.03.18,11:30,L1_dryer,14.6,1,46.1,0.5,15.2,0.5,-999999.0,0.133956058,0.975884376,0.166779782,0.819973621,63.3,-999999.0,-999999.0,28,0.003783425,0.002454849,0.294553392,0.050422768,0.564859968,0.047245366,0.051480292,0.040521153,0.089106348,0.021579006,0.183224362,0.986823517,0.191557321,0.937892395,0.043060757,0.012212498,0.030794396,0.123241868,0.21,-999999.0,-999999.0,-999999.0
L2-N3/8,02.03.18,11:30,L1_dryer,21.8,1,37.9,0.5,6.0,0.5,-999999.0,0.202052955,1,0.181858765,1.065844029,63.3,-999999.0,-999999.0,28,0.003783425,0.002454849,0.294553392,0.050422768,0.564859968,0.047245366,0.051480292,0.040521153,0.089106348,0.021579006,0.183224362,0.986823517,0.191557321,0.937892395,0.043060757,0.012212498,0.030794396,0.123241868,0.21,-999999.0,-999999.0,-999999.0